coding_order,trace_id,difficulty,endpoint,first_bad_step,phase,failure_mode,mode_name,blame_final,one_line,evidence_quote,tests_run_before_submit,verified_fix,gave_up,secondary,confidence,adjudication,cost_usd,seconds
1,pylint-dev__pylint-4604,15 min - 1 hour,wrong_or_no_fix,105,submission,E1,"hidden tests grade the maintainer's fix, not the issue",exam,"agent's Attribute-handling fix in _store_type_annotation_node is behaviorally equivalent to gold and was verified (repro at step 63 and the graded test file passing at step 87), but the gold test patch imports IS_PYPY from pylint.constants, a constant only gold's non-test change adds, so the whole graded file fails at import and 0/21 F2P pass; no trajectory step was wrong, mismatch never became visible, so first_bad_step is the last step.","20 passed, 1 warning in 0.18s",True,True,False,,high,uphold_eval_side:spec_underdetermined,0.007737,150
2,pylint-dev__pylint-4661,15 min - 1 hour,wrong_or_no_fix,195,submission,E2,the grading machinery itself broke,exam,"step 48 showed platformdirs installed and appdirs absent in a no-network container, so the agent implemented XDG compliance via platformdirs.user_cache_dir, functionally matching gold; the graded test_pylint_home hard-imports appdirs and pins appdirs.user_cache_dir('pylint'), a library choice the issue never stated and the agent could not install; the old test's failure (step 96) asserted the pre-fix behavior the issue demands removing, so it carried no usable signal.","astroid             2.6.6
platformdirs        4.3.7
pylint              2.10.0.dev0 /testbed",True,False,False,,med,uphold_eval_side:env_flake,0.024653,518
3,django__django-11477,15 min - 1 hour,partial_fix,68,fix_design,M3,"patched the symptom site, not the mechanism it had identified",agent,"step 32 already showed resolve() itself emitting kwargs={'slug': None} for the unmatched optional group, and step 65 stated that mechanism explicitly, yet at step 68 the agent chose to filter Nones inside translate_url() (the consumer) instead of fixing RegexPattern.match (the producer), so the two resolver-level F2P tests in urlpatterns.tests.SimplifiedURLTests still fail while the translate_url test passes.","`resolve()` returns `kwargs={'slug': None}` for a missing optional named group, and `reverse()` then renders `None` as the literal string `""None""` in the URL.",True,True,False,,med,,0.009448,228
4,django__django-10999,<15 min fix,wrong_or_no_fix,67,submission,E1,"hidden tests grade the maintainer's fix, not the issue",exam,"the agent applied the exact lookahead fix the issue itself prescribed (step 38), verified per-component negative parsing (steps 40-43) and saw all 29 existing dateparse/duration tests pass (step 51); the gold fix instead redefined semantics with a whole-duration sign ('-15:30' == minus 15m30s, '-01:-01' -> None) and the graded tests rewrite the existing test_negative expectations accordingly, contradicting the issue's own proposed fix; mismatch never became visible.","Ran 29 tests in 0.130s

OK",True,True,False,,high,uphold_eval_side:spec_underdetermined,0.007392,164
5,sympy__sympy-22080,15 min - 1 hour,partial_fix,267,submission,E1,"hidden tests grade the maintainer's fix, not the issue",exam,"the agent correctly diagnosed the % operator precedence mechanism, fixed parenthesization in the Python code printer, and passed both Mod-related graded tests plus the full printing and lambdify suites (steps 189-195, 263); the one remaining F2P, test_create_expand_pow_optimization, asserts ccode unary-minus output like '-(x*x*x*x)' that only gold's change to the shared CodePrinter._print_Mul produces, a C-codegen side effect the lambdify issue never hints at; mismatch never became visible.","= tests finished: 846 passed, 26 skipped, 11 expected to fail, in 2.50 seconds =",True,True,False,,med,uphold_eval_side:spec_underdetermined,0.041775,741
6,matplotlib__matplotlib-24870,15 min - 1 hour,wrong_or_no_fix,45,fix_design,M2,scoped out a visible sibling of the same bug,agent,"at step 45 the agent gated the bool auto-level on 'not self.filled', leaving contourf(bool) with the old 8 piled-up levels; step 66 even surfaced the filled-case question ('Filled contours require at least 2 levels') but the agent kept the punt instead of choosing valid filled levels, and the graded test_bool_autolevel also requires contourf(bool) -> [0, .5, 1], so the single F2P test fails on its contourf asserts.",if np.asarray(z).dtype == np.bool_ and not self.filled:,True,True,False,,med,,0.017854,340
7,astropy__astropy-13398,1-4 hours,wrong_or_no_fix,214,verification,M1,dismissed red evidence it had itself produced,agent,"steps 206-213 proved via git stash A/B runs that the new direct ITRS->AltAz edge breaks 5 previously passing test_gcrs_altaz_bothroutes tests (5 failed with the patch, none of them without), yet from step 214 onward the agent never addressed the regression, re-observed it at step 263, and submitted anyway while the summary framed the failures as expected to be replaced by the PR's test changes.",FAILED astropy/coordinates/tests/test_intermediate_transformations.py::test_gcrs_altaz_bothroutes[testframe0],True,True,True,"all 4 graded F2P tests exercise topocentric ITRS via ITRS(location=...) and location-aware CIRS/TETE<->ITRS transforms that gold adds; the agent's implementation never supports an ITRS location attribute, so the new tests fail independently of the regression",high,,0.05403,800
8,scikit-learn__scikit-learn-25747,15 min - 1 hour,wrong_or_no_fix,90,fix_design,E1,"hidden tests grade the maintainer's fix, not the issue",exam,"steps 9-62 reproduced, debugged, fixed and verified the reported length-mismatch case; the graded test additionally demands the index be ignored for DataFrames even at EQUAL length, a semantics contradicted by an existing test (test__wrap_in_pandas_container_dense_update_columns_and_index) that the gold patch had to rewrite, so the mismatch never surfaced in the trajectory and step 90 closed cleanly.",The fix should be in `_wrap_in_pandas_container`: only set/pass the original index when its length matches the number of rows of the transformed data.,True,True,False,,med,uphold_eval_side:spec_underdetermined,0.011589,242
9,matplotlib__matplotlib-26466,15 min - 1 hour,wrong_or_no_fix,66,fix_design,E1,"hidden tests grade the maintainer's fix, not the issue",exam,"steps 31-65 reproduced the xy aliasing, fixed _AnnotationBase.__init__ identically to the gold patch's _AnnotationBase hunk, and verified; the still-failing graded test exercises OffsetFrom._ref_coord aliasing, a sibling site the issue text never mentions (it only names the xy kwarg of annotate), so the gap never became visible before the close at step 66.","-        self.xy = xy
+        x, y = xy  # Make sure xy can be cast to a tuple
+        self.xy = x, y",True,True,False,a defensive sweep for the same `self.attr = arg` aliasing pattern in text.py (which holds OffsetFrom._ref_coord = ref_coord) would have caught the graded site; the agent grepped only for 'self.xy' at step 27,med,uphold_eval_side:spec_underdetermined,0.005952,219
10,sphinx-doc__sphinx-8595,<15 min fix,wrong_or_no_fix,55,submission,E2,the grading machinery itself broke,exam,"the submitted one-line patch (`if self.__all__ is None:`) is byte-identical to the gold patch, the agent reproduced the bug (step 26), verified the fix (step 30) and ran the autodoc suite (step 53); the graded F2P test still failing with an identical source patch can only be a grading/environment fault, and it never became visible in the trajectory, so the marker sits on the final step.","-            if not self.__all__:
+            if self.__all__ is None:",True,True,False,,high,uphold_eval_side:env_flake,0.004914,100
11,django__django-13401,15 min - 1 hour,wrong_or_no_fix,100,implementation,M6,implementation slip inverted its own stated plan,agent,"steps 25-26 and 93-94 had already proven that ModelBase classes raise TypeError on '<', yet the step 100 edit wrote __lt__ as getattr(self,'model',None) < getattr(other,'model',None), guaranteeing a TypeError whenever creation counters tie, which is exactly the assertLess path the graded test exercises.","TypeError on b < c: '<' not supported between instances of 'ModelBase' and 'ModelBase'
TypeError on sorted: '<' not supported between instances of 'ModelBase' and 'ModelBase'",True,True,False,"step 131-132 re-ran the exact tie-breaking case, saw 'TypeError on b < c' and 'TypeError on sorted' from its own patched code, and step 133 moved on to broader test sweeps without ever addressing it",high,,0.015063,363
12,django__django-14170,15 min - 1 hour,regression_only,65,fix_design,M1,dismissed red evidence it had itself produced,agent,"step 64 showed the agent's disable-the-optimization fix broke 6 existing db_functions tests (which assert BETWEEN/no-extract for iso_year); instead of revising the design to keep the optimization with ISO-week bounds, step 65 pivoted to git-log archaeology, never returned to the failures, and the final summary claimed only that other suites pass.","FAILED (failures=6, skipped=12)",True,True,False,,high,,0.01374,362
13,sympy__sympy-20428,15 min - 1 hour,wrong_or_no_fix,55,root_cause_diagnosis,M3,"patched the symptom site, not the mechanism it had identified",agent,"steps 17-22 showed the original constant coefficient is symbolically zero (expr.is_zero True) yet the Poly keeps it as a non-zero EX coefficient; step 55 committed to stripping the rep inside clear_denoms without asking why EX never detects such zeros (EX.__bool__ tests structural !=0), so the graded test asserting Poly(expr,x)==Poly(0,x) at construction still fails.","f = dup_mul_ground(f, common, K0)
        f = dup_strip(f)",True,True,False,,med,,0.017628,444
14,django__django-15732,15 min - 1 hour,wrong_or_no_fix,192,fix_design,M1,dismissed red evidence it had itself produced,agent,"after its own repro3 of the issue-title scenario (unique=True field + single-field unique_together) still failed at step 191, step 192 declared that case 'unfixable ... because both constraints are indistinguishable in introspection' and settled for the PK-only fix, even though its own step 89 output showed the constraints distinguishable by the default '_uniq' name suffix the gold patch keys on.",The remaining scenario (a non-PK field with `unique=True` plus a unique_together on the same single field) is unfixable on PostgreSQL because both constraints are indistinguishable in introspection,True,False,True,,high,,0.030925,609
15,sphinx-doc__sphinx-7462,<15 min fix,wrong_or_no_fix,65,fix_design,M1,dismissed red evidence it had itself produced,agent,"step 52 had just proven 'Tuple[]' is a SyntaxError, yet the step 65 edit merely guarded the pop so Tuple[()] renders as the invalid 'Tuple[]' (step 68 output: 'Tuple','[',']') instead of emitting the '()' punctuation the notation requires; the issue asked for 'valid type annotations'.","Tuple[()] -> [<pending_xref: <#text: 'Tuple'>>, <desc_sig_punctuation: <#text: '['>>, <desc_sig_punctuation: <#text: ']'>>]",True,True,False,"the parallel empty-tuple flaw in sphinx/pycode/ast.py unparse (read at step 12, surfaced by the grep at step 8) was never fixed, failing the second graded test test_unparse[()-()]",high,,0.013662,249
16,django__django-15098,15 min - 1 hour,wrong_or_no_fix,131,fix_design,M4,committed to a fix design against an available signal,agent,"step 131 replaced the language-prefix regex with a hand-rolled strict RFC 5646 validator right after reading evidence for the opposite design: step 125 showed the historical commit 'Accept most valid language codes... less restrictive regular expression' and step 130 showed the permissive language_code_re; the strict regex rejects tags such as i-mingo that the graded tests feed through get_language_from_path, so the minimal permissive extension (allow one more subtag) was the informed choice.","r'^/((?:[a-z]{2,3}(?:-[a-z]{3}){0,3}|[a-z]{4}|[a-z]{5,8})'",True,True,False,,med,,0.03751,863
17,django__django-16950,15 min - 1 hour,regression_only,180,fix_design,M4,committed to a fix design against an available signal,agent,"step 180 gated the parent-key nulling on 'not self.is_bound' for every inline, which silently disables the #24377 behavior (null the auto-generated PK on bound POSTs too) that the agent had just read in commit 1306cd1e8a at steps 131-134; its own diagnosis distinguished PK (regenerated on save) from non-PK to_field (not regenerated), so the skip should have been scoped to the non-pk to_field case only, as the gold fix does.",if self.instance._state.adding and not self.is_bound:,True,True,False,,med,,0.031774,664
18,matplotlib__matplotlib-21568,15 min - 1 hour,partial_fix,231,fix_design,E1,"hidden tests grade the maintainer's fix, not the issue",exam,"every action reads reasonable: the agent isolated math-mode space-eating and colon-spacing, empirically validated its '\\ ' space escape against real LaTeX width measurements (steps 87-88, 169-172) as exactly matching the 3.3 plain-text spacing the issue asked for, and matched gold on '{:}'; the two still-failing graded cases differ only in the gold test pinning '\\;' (thick math space) instead of '\\ ', an aesthetic implementation detail the issue never stated, and that mismatch never became visible in the run, so the marker sits on the final step.","The only failing local tests are the existing usetex formatter string tests, whose expected strings encode the old (broken) unescaped output",True,True,False,,med,uphold_eval_side:spec_underdetermined,0.037895,653
19,sphinx-doc__sphinx-7590,>4 hours,wrong_or_no_fix,73,fix_design,M4,committed to a fix design against an available signal,agent,"step 73 defined ASTUserDefinedLiteral.get_id to delegate to the inner literal, so '1q_s' and '1' both mangle to L1E (visible at steps 78 and 134 and never questioned), ignoring both the Itanium mangling scheme named in the file header and the 'li'+identifier UDL encoding of ASTOperatorLiteral the agent had read at step 68; graded test_expressions checks UDL ids and fails while all pre-gold tests pass.","def get_id(self, version: int) -> str:
+        return self.literal.get_id(version)",True,True,False,,med,,0.045304,737
20,mwaskom__seaborn-3187,15 min - 1 hour,wrong_or_no_fix,141,localization,M2,scoped out a visible sibling of the same bug,agent,"step 141 concluded the classic scatterplot path was unaffected and needed no fix, based on repro runs (steps 62, 139) that used legend='full', which bypasses the locator/ScalarFormatter path the issue was about; the issue statement explicitly said scatterplot reproduces, and seeing raw full values instead of the reported truncated ones should have flagged the repro as not exercising the buggy path, so seaborn/utils.py was never touched and the relational F2P test cannot pass.",The `scatterplot` case isn't affected in this version,True,True,False,"independent divergence on the objects-interface fix itself: the agent kept offset-formatted labels and appended the offset to the legend title (a direction the issue author suggested), while the gold fix disables useOffset so labels carry full values; the graded objects test asserts label floats > 1e7, so even the patched interface fails grading",med,,0.019369,376
21,django__django-14155,15 min - 1 hour,wrong_or_no_fix,147,fix_design,E1,"hidden tests grade the maintainer's fix, not the issue",exam,"steps 55-101 implemented the __init__ unwrap that the issue text itself proposed ('unwrap functools.partial objects in ResolverMatch.__init__()') and verified against the existing suite (step 132 all ok); the graded tests instead require a __repr__-only fix that keeps the partial and adds %r quoting of url_name/route, details the issue never stated, and the mismatch was never visible to the agent",test_repr (urlpatterns_reverse.tests.ResolverMatchTests) ... ok,True,True,False,,high,uphold_eval_side:spec_underdetermined,0.015916,367
22,sphinx-doc__sphinx-7748,15 min - 1 hour,wrong_or_no_fix,105,fix_design,M2,scoped out a visible sibling of the same bug,agent,"step 103 built a SWIG-style overloaded class-constructor test, step 104 showed only the first signature rendered for the class case, and step 105 waved the gap off as acceptable because 'PR is about methods'; the graded tests (autoclass_content init/both with class E) are exactly the class-constructor case, and no rendering of extra signatures was ever added to ClassDocumenter",The class case works (signatures stripped from content; only first shown,True,True,False,"gold tests also demand handling backslash-continuation multiline signatures (docstring lines ending in '\'), a format the issue never mentions; the agent's consecutive-line matcher would mis-parse the trailing backslash even if class rendering were fixed",med,,0.022551,386
23,django__django-15695,15 min - 1 hour,wrong_or_no_fix,95,fix_design,M3,"patched the symptom site, not the mechanism it had identified",agent,"step 95 placed the same-name guard inside BaseDatabaseSchemaEditor.rename_index instead of in RenameIndex.database_forwards, where the issue located the behavior; the graded re-apply calls database_forwards(new_state, project_state), whose to_state lacks the renamed index, so new_index is None and the operation crashes before the schema-editor guard can help",make `rename_index()` a no-op when the name isn't changing,True,True,False,"the gold test's argument order (new_state, project_state) differs from the reproduction diff printed in the issue (project_state, new_state), which the agent's patch does pass; only an operation-level guard passes both",med,,0.011653,257
24,scikit-learn__scikit-learn-14983,<15 min fix,wrong_or_no_fix,143,fix_design,M4,committed to a fix design against an available signal,agent,"steps 128-141 hardcoded a __repr__ on _RepeatedSplits reproducing the issue's Expected Results string verbatim (constructor order, n_splits first) and asserted exact equality; the hidden test asserts the alphabetized _build_repr ordering (n_repeats first), contradicting the issue's own expected output, and the mismatch was never visible during the run","RepeatedKFold(n_splits=5, n_repeats=10, random_state=None)",True,True,False,,med,overturn_to_agent,0.033807,701
25,pylint-dev__pylint-4970,<15 min fix,wrong_or_no_fix,133,fix_design,M5,verified against evidence that never exercised the bug,agent,"step 133 codified its acceptance criterion as the standalone tool still printing 'TOTAL lines=62 duplicates=0 percent=0.00' under min lines 0; the spec says 0 should disable the check, and the graded test asserts empty stdout, which the later guard placed in _compute_sims (step 233) rather than run() preserves by still calling _display_sims",expected: 'TOTAL lines=62 duplicates=0 percent=0.00',True,True,False,,med,,0.051138,742
26,psf__requests-1142,<15 min fix,wrong_or_no_fix,48,submission,E2,the grading machinery itself broke,exam,"the models.py edit at step 39 is line-for-line the gold fix and was verified locally (steps 41-42, 53-54: GET/HEAD prepare with no Content-Length); the pre-existing untracked build/ tree first surfaced in git status at step 48 and was left in place, and the submitted patch swept ~900KB of those stale package copies in, after which the graded test still fails, meaning the correct fix never took effect at evaluation time"," M requests/models.py
?? build/",True,True,False,,med,uphold_eval_side:env_flake,0.005436,119
27,django__django-10554,1-4 hours,wrong_or_no_fix,83,root_cause_diagnosis,M5,verified against evidence that never exercised the bug,agent,"steps 54-60 showed the reported re-evaluation break no longer reproduced on HEAD (the clone fix was already merged) and the original qs stayed unmutated, yet step 83 committed to clearing subquery ordering, fixing an inner-ordering scenario the agent had constructed itself instead of re-reading the ambiguous repro for the outer order_by()+values_list column mismatch the tests grade",compiler.query.clear_ordering(True),True,False,False,,med,,0.035663,702
28,django__django-12406,15 min - 1 hour,partial_fix,156,fix_design,E1,"hidden tests grade the maintainer's fix, not the issue",exam,"the agent reproduced the bug (step 48), suppressed empty_label for required RadioSelect fields (step 104), re-ran the repro seeing the blank option gone (step 108), and ran six test suites clean; the graded test instead calls ModelChoiceField(categories, widget=widget, blank=blank), requiring a new 'blank' constructor kwarg the issue text never mentions, so the mismatch was never visible before submit","isinstance(widget, RadioSelect) or\n            (isinstance(widget, type) and issubclass(widget, RadioSelect))",True,True,False,,med,uphold_eval_side:spec_underdetermined,0.022572,435
29,django__django-16256,15 min - 1 hour,partial_fix,37,localization,M2,scoped out a visible sibling of the same bug,agent,"step 37 scoped the work to 'both related manager factories' in related_descriptors.py, taking the issue's 'e.g.' example diff as the exhaustive fix site; the agent never grepped the repo for other related-manager implementations, so the identical create/get_or_create pattern in django/contrib/contenttypes/fields.py (GenericRelatedObjectManager) was never patched and the three generic_relations async tests still fail",I need to add proper async versions to both related manager factories.,True,True,False,,high,,0.013603,234
30,django__django-14011,1-4 hours,wrong_or_no_fix,215,fix_design,E1,"hidden tests grade the maintainer's fix, not the issue",exam,"the agent's fix (steps 135-194: a private ThreadedWSGIServer subclass whose process_request_thread calls connections.close_all() in a finally) addresses the reported connection-leak race, but the gold test patch rewrites LiveServerThread._create_server to instantiate server_class with a connections_override kwarg only the gold ThreadedWSGIServer accepts, so every live-server F2P test (even test_404) errors out; nothing in the issue stated that interface and no step could have revealed it",server_class = _ThreadedWSGIServer,True,False,False,"the agent's own scratch reproduction test never passed as an assertion (FAIL at steps 176 and 180); it settled for debug-print evidence at steps 187-190 that close_all now runs in the request thread, then deleted the scratch test",high,uphold_eval_side:spec_underdetermined,0.032914,601
31,pylint-dev__pylint-4551,1-4 hours,wrong_or_no_fix,172,fix_design,E1,"hidden tests grade the maintainer's fix, not the issue",exam,"the agent implemented annotation-aware type resolution as a private helper inside inspector.py, verified the PR's exact example now renders 'a : str' (steps 108-109, 170-171) and kept all 23 existing pyreverse tests green; the gold test patch instead imports get_annotation and infer_node from pylint.pyreverse.utils, so the graded test module fails at import time, taking down all 10 F2P tests including untouched ones like test_get_visibility, an API placement unknowable from the issue","""0"" [label=""{C|a : str\l|}"", shape=""record""];",True,True,False,,high,uphold_eval_side:spec_underdetermined,0.030625,510
32,django__django-11087,15 min - 1 hour,budget_stop,63,fix_design,M1,dismissed red evidence it had itself produced,agent,"steps 56-62 showed the step-50 blanket .only('pk') broke the long-standing post_delete signal test and the agent read the failing test, but from step 63 it pivoted to git/docs archaeology, pip downloads, and repeated test sweeps, never edited deletion.py again, and at step 262 declared the fix complete with the test still failing at step 261 when max_spend hit.",ERROR: test_relational_post_delete_signals_happen_before_parent_object (delete.tests.DeletionTests),True,False,True,,med,,0.053371,875
33,django__django-16263,1-4 hours,budget_stop,274,fix_design,E1,"hidden tests grade the maintainer's fix, not the issue",exam,"the annotation-stripping design built in steps 131-265 satisfied the issue's stated behavior and passed all 837 tests in aggregation/aggregation_regress/queries/expressions at step 269, but it flattens an unreferenced aggregate annotation to a single flat SELECT COUNT(*) while the gold F2P test asserts subquery wrapping must be retained; that mismatch was never visible in-run and the run was cut by max_spend at step 274 during healthy edge-case verification.","annotate count => 2\n    SELECT COUNT(*) AS ""__count"" FROM ""aggregation_book""",True,True,False,,med,uphold_eval_side:spec_underdetermined,0.050495,1150
34,pydata__xarray-6461,<15 min fix,wrong_or_no_fix,31,fix_design,M1,dismissed red evidence it had itself produced,agent,"step 30 correctly diagnosed that scalar arguments are absent from the attrs list, but the step-31 edit falls back to another argument's attrs (attrs[0], or y's attrs shifted into attrs[1]) instead of returning empty attrs when x is a scalar; step 35 then printed case 4 keeping y's attrs and the agent accepted it as correct at step 36.",if len(attrs) > 1:\n                return attrs[1]\n            return attrs[0],True,True,False,,high,,0.003221,95
35,sympy__sympy-18698,15 min - 1 hour,wrong_or_no_fix,262,fix_design,M4,committed to a fix design against an available signal,agent,"the step-168 merge groups sqf factors by (multiplicity, gens), deliberately preserving the repo's own test_factor_terms assertion sqf_list(x*(x+y)) == (1, [(x,1),(x+y,1)]) which the agent read at step 123 and re-verified at step 133; the gold patch merges across gens and flips that very assertion, so the only graded failure contradicts the test suite the agent was working against and never became visible in-run.","assert sqf_list(x*(x + y)) == (1, [(x, 1), (x + y, 1)])",True,True,False,,med,overturn_to_agent,0.053362,1061
36,sphinx-doc__sphinx-8638,15 min - 1 hour,budget_stop,197,fix_design,M4,committed to a fix design against an available signal,agent,step 197 committed to reordering find_obj resolution priority although the issue's stated expected behavior was that ivar/cvar fields not auto-link at all; step 208 then showed the links still present after the edit and the agent proceeded to regression testing anyway,Now I have a clear picture. Let me look at the exact code and implement the fix.,True,False,False,steps 61-158 repo archaeology plus repeated network attempts (step 164 pip download after step 38 had already shown no DNS) burned budget; the run hit max_spend at step 247 without a final answer,high,,0.052024,898
37,astropy__astropy-7606,15 min - 1 hour,regression_only,49,verification,E2,the grading machinery itself broke,exam,"every step reasonable: reproduced at step 10, guarded __eq__ at step 13 mirroring the base-class pattern, ran the full units suite at step 35 and confirmed the single failure pre-existing via git stash at step 44; the graded regression test_compose_roundtrip[] never failed in any of the agent's runs and its mechanism is not visible in the trajectory","1 failed, 1818 passed, 5 skipped, 6 xfailed, 1 warnings in 5.06 seconds",True,True,False,,med,uphold_eval_side:env_flake,0.001864,72
38,django__django-16631,1-4 hours,wrong_or_no_fix,179,fix_design,E1,"hidden tests grade the maintainer's fix, not the issue",exam,"agent threaded a secret kwarg through get_session_auth_hash and checked fallbacks in login/get_user (steps 98-105), verified both paths end-to-end (steps 114, 119) and ran 1110 auth/session/signing tests green (step 160); the graded test additionally demands session-key cycling and hash refresh when a fallback matches, behavior the issue never stated","Ran 1110 tests in 12.720s\nOK (skipped=2, expected failures=1)",True,True,False,,med,uphold_eval_side:spec_underdetermined,0.02391,538
39,matplotlib__matplotlib-20676,<15 min fix,wrong_or_no_fix,261,fix_design,E1,"hidden tests grade the maintainer's fix, not the issue",exam,"agent root-caused the axvline/axhline autoscale mechanism (steps 90-94), caught its own incomplete first fix with a no-draw repro at step 144, extended it, and verified limits stay (9.5, 20.5) for horizontal, vertical, blit and direction-switch cases (steps 219-248); the graded test additionally asserts _edge_handles.positions equals the axis bounds, which is the gold implementation's private initialization choice, not stated in the issue",PASS: interactive SpanSelector no longer expands axes limits to include 0,True,True,False,,high,uphold_eval_side:spec_underdetermined,0.032806,650
40,sphinx-doc__sphinx-9229,1-4 hours,budget_stop,71,localization,M8,wandered into archaeology until the budget died,agent,"after the step 58 repro showed the PR's own example already rendering all three docstrings, step 71 began roughly 90 steps of git-log/CHANGES archaeology instead of varying the repro across alias kinds; the class-alias shape only surfaced via a contrived mutated-__module__ case at step 224 and the step 225 get_real_modname edit was never run before max_spend killed the run",cd /testbed && git log --oneline --all --grep='4422\|docstring.*alias\|alias.*docstring' | head -20,True,False,False,"the step 225 edit targeted get_real_modname based on the artificial __module__='typing' repro (step 223), and does not address the 'alias of' line that step 220 showed rendered alongside the doc comment",med,,0.050225,604
41,sympy__sympy-21930,15 min - 1 hour,partial_fix,77,fix_design,M1,dismissed red evidence it had itself produced,agent,"step 76 printed AntiSymmetricTensor**2 as v^{ai}_{bj}^{2}, the identical malformed double superscript, and step 77 dismissed it as out of scope instead of brace-wrapping that _latex too; that unfixed sibling site is exactly what the still-failing test_Tensors grades",The `AntiSymmetricTensor` issue is separate and not part of this PR (which is specifically about the `\dagger` operators).,True,True,False,,high,,0.007633,155
42,matplotlib__matplotlib-25479,<15 min fix,wrong_or_no_fix,115,fix_design,E1,"hidden tests grade the maintainer's fix, not the issue",exam,"step 67 fixed the reported name mismatch inside pyplot.set_cmap and step 71 saw the issue's repro pass; the graded tests instead require registry-side renaming on register plus a name-blind Colormap.__eq__, implementation details the issue never stated, and the mismatch never surfaced through the final step 115",rcParams image.cmap = my_cmap_name\nimshow OK,True,True,False,,med,uphold_eval_side:spec_underdetermined,0.014608,323
43,sphinx-doc__sphinx-9711,<15 min fix,wrong_or_no_fix,112,submission,E2,the grading machinery itself broke,exam,"steps 3-57 localized the string-comparison bug, step 58-60 fixed it with packaging.Version plus string fallback, and steps 65-111 verified via repro, e2e builds, and test suites; the submitted logic is behaviorally identical to the gold patch on the graded 3.9/3.10/3.11 inputs (re-executed independently during coding), yet the F2P test is marked failing 0/1",OK: req='0.6.0'    ext='0.10.0'       raised=False (expected False),True,True,False,,med,uphold_eval_side:env_flake,0.011469,250
44,pydata__xarray-6992,>4 hours,wrong_or_no_fix,112,fix_design,E1,"hidden tests grade the maintainer's fix, not the issue",exam,"step 58's one-line coord_names fix restored the _coord_names subset-of _variables invariant the issue reported, fixed the MVCE (step 61), and passed the full existing suite (steps 79-80, 107-108); the graded tests demand the maintainers' full reset_index/set_index behavioral redesign (level renaming, drop-convert semantics, index reassignment) that the issue never stated, and the divergence never surfaced through step 112","908 passed, 2 skipped, 7 xfailed, 2 xpassed, 7 warnings in 7.93s",True,True,False,,med,uphold_eval_side:spec_underdetermined,0.010562,273
45,django__django-14534,<15 min fix,partial_fix,109,verification,M1,dismissed red evidence it had itself produced,agent,"step 92 showed the applied patch erroring test_iterable_boundfield_select with KeyError 'id' (a crash the agent had already reproduced at steps 58 and 65); at step 109 it declared the test outdated and wrote its own 'simulated new tests' instead of using attrs.get('id') to return None for id-less subwidgets, which is exactly the gold fix and passes the rewritten graded test",The fix works for the custom auto_id case. Let me simulate the expected new tests (as the upstream fix would have modified them) to confirm:,True,False,False,,high,,0.030343,883
46,django__django-13023,<15 min fix,wrong_or_no_fix,26,fix_design,M2,scoped out a visible sibling of the same bug,agent,"step 25's own verification script showed ValueError leaking from Decimal() for a list input; step 26 dismissed it as 'a separate edge case not part of this PR' and shipped a TypeError-only except clause, leaving unfixed the same leak class that the graded tests cover with tuple/list/empty-sequence inputs (gold catches ValueError too)",A list raises `ValueError` (a separate edge case not part of this PR).,True,True,False,,high,,0.002326,59
47,django__django-15252,15 min - 1 hour,wrong_or_no_fix,197,verification,M1,dismissed red evidence it had itself produced,agent,"step 130 showed the recorder-obeys-router fix breaking existing test_migrate_fake_initial; from step 197 the agent temporarily rewrote the test router to 'simulate the gold test patch', restored it, and submitted with the suite red instead of redesigning toward a fix that kept existing tests green (gold guards executor.migrate against creating the table when the plan is empty)",Let me temporarily test whether my recorder fix works with a TestRouter that allows the `migration` model (simulating what the upstream test patch might do):,True,False,False,,med,,0.06636,1091
48,django__django-15629,1-4 hours,partial_fix,190,verification,M5,verified against evidence that never exercised the bug,agent,"step 189 produced the issue's expected 'MODIFY ... COLLATE' by calling _alter_column_collation_sql directly on the FK field; step 190 took that as proof the fix was complete without tracing that alter_field's rels_to_update loop (on screen at steps 76 and 224-225) still routes referencing FK columns through _alter_column_type_sql with no collation, the exact path the still-failing AlterField F2P test exercises",The MySQL MODIFY statements now match the PR's expected output. Let me run the broader test suites to check for regressions:,True,True,False,,med,,0.03223,563
49,django__django-11885,1-4 hours,regression_only,126,verification,M1,dismissed red evidence it had itself produced,agent,"step 101 showed test_large_delete and test_large_delete_related newly failing under the patch, and at step 126 the agent declared 'these test expectations will be updated by the PR's test patch' instead of redesigning the combine to preserve per-batch query counts; both remained broken P2P regressions at grading.",The failure shows the 4 User fast deletes were correctly combined into 1 query (22 vs 25). These test expectations will be updated by the PR's test patch.,True,True,False,,high,,0.027802,461
50,pytest-dev__pytest-5840,15 min - 1 hour,wrong_or_no_fix,139,fix_design,E1,"hidden tests grade the maintainer's fix, not the issue",exam,"the one-line realpath fix (step 115) removed the normcase lowercasing at the import site and passed the entire existing conftest suite (steps 117, 121), but the graded test keys the conftest cache by Path(str(p)).resolve(), which on py3.9 is hash-incompatible with the agent's py.path.local keys; the mismatch never surfaced in the trajectory, so first_bad_step is the final step.","-        conftestpath = unique_path(conftestpath)
+        conftestpath = conftestpath.realpath()",True,True,False,"steps 33-100 spent ~half the trajectory on dead ends (offline pip downloads, hunting for the future fix in git) after the mechanism was already understood at step 32",med,uphold_eval_side:spec_underdetermined,0.025585,544
51,astropy__astropy-14598,15 min - 1 hour,wrong_or_no_fix,108,verification,M1,dismissed red evidence it had itself produced,agent,"after its own fuzzer still failed 291/300 quote round-trips post-fix, step 108 confirmed the patch changed only one fuzz case and the agent wrote the rest off as pre-existing without classifying any of them, missing that the space-after-quotes case (graded testval ""x''  xxx"") was still broken by the unanchored _strg_comment_RE the gold patch also fixed.",mod fails 291\norig fails 292\ndiff at 217 mod True orig False,True,True,False,,med,,0.018292,321
52,django__django-13195,15 min - 1 hour,partial_fix,29,fix_design,M2,scoped out a visible sibling of the same bug,agent,"step 29 added samesite as an opt-in pass-through parameter only, although the issue text explicitly stated browsers ignore SameSite=None deletions without Secure and named the messages-app call site; the fix set neither secure-for-samesite-none nor updated the messages/sessions callers, and step 68 saw both call sites yet left them unchanged.","def delete_cookie(self, key, path='/', domain=None, samesite=None):",True,True,False,,high,,0.004576,89
53,django__django-10097,<15 min fix,partial_fix,111,submission,E2,the grading machinery itself broke,exam,"the submitted regex change is byte-identical to the gold patch and the agent verified it against the PR's updated test data (steps 87-92), yet grading reports unrelated auth_tests template and generic_inline_admin failures; nothing in the trajectory could have caused or revealed them, so first_bad_step is the final step.","-        r'(?:\S+(?::\S*)?@)?'  # user:pass authentication
+        r'(?:[^\s:@/]+(?::[^\s:@/]*)?@)?'  # user:pass authentication",True,True,False,,high,uphold_eval_side:env_flake,0.009758,290
54,django__django-14315,<15 min fix,partial_fix,23,fix_design,M3,"patched the symptom site, not the mechanism it had identified",agent,"the issue stated 'postgresql client returns empty dict instead of None for env', but step 23 patched the base runshell consumer to convert {} to None while leaving the postgres settings_to_cmd_args_env returning {}, preserving the stale test contract; the graded tests assert the method itself returns None.",        elif env is not None:\n            env = None,True,True,False,,high,,0.004428,95
55,sympy__sympy-15017,<15 min fix,wrong_or_no_fix,83,fix_design,M4,committed to a fix design against an available signal,agent,"step 83 added a rank-0 guard in _parse_index so a[0] keeps raising ValueError, chosen to preserve the old test's raises() assertion (and numpy 0-d behavior) even though the agent treated the neighboring len==0 assertion of the same test as stale; the graded test flipped that line to rank_zero_array[0] == x, which the loop_size-only minimal fix would have satisfied.","if isinstance(index, (SYMPY_INTS, Integer)):\n            if self._rank == 0:\n                raise ValueError(\""index out of range\"")",True,True,False,,med,overturn_to_agent,0.038868,607
56,django__django-16502,15 min - 1 hour,wrong_or_no_fix,141,fix_design,E1,"hidden tests grade the maintainer's fix, not the issue",exam,"the finish_response override delivered exactly what the issue asked (headers, no body, verified end-to-end at steps 97-108), but it counts bytes so wsgiref still emits a Content-Length on HEAD responses; the graded test additionally requires that header dropped per the gold patch's RFC 9110 'permitted omission' choice, a requirement never stated in the issue and never visible in the trajectory, so first_bad_step is the final step.","b'HTTP/1.1 200 OK\\r\\nDate: Sat, 15 Aug 2026 19:05:22 GMT\\r\\nServer: WSGIServer/0.2 CPython/3.11.10\\r\\nContent-Type: text/html\\r\\nContent-Length: 58\\r\\nConnection: close\\r\\n\\r\\n'",True,True,False,,med,uphold_eval_side:spec_underdetermined,0.02007,481
57,astropy__astropy-13977,15 min - 1 hour,partial_fix,87,fix_design,M4,committed to a fix design against an available signal,agent,"step 87 wrapped only the input-converter loop in a blanket except (TypeError, ValueError) -> return NotImplemented, unconditionally deferring on any conversion error instead of gating on whether another operand overrides __array_ufunc__ (the condition the code comment it read at step 48 points to), so errors arising outside the loop stay uncaught and genuine errors between plain Quantities get swallowed.","try:\n                arrays.append(converter(input_) if converter else input_)\n            except (TypeError, ValueError):\n                return NotImplemented",True,True,False,step 174 showed the patch converts a genuine _UFuncNoLoopError between two plain Quantities into NotImplemented; the agent confirmed the behavior change and shipped without narrowing the catch,med,,0.027496,460
58,matplotlib__matplotlib-20859,<15 min fix,wrong_or_no_fix,40,fix_design,M4,committed to a fix design against an available signal,agent,"step 40 went beyond the issue's own suggested one-line isinstance(FigureBase) change and also rewrote set_figure(parent) to set_figure(parent.figure), reattributing the legend to the root Figure; the grading test asserts leg.figure is the SubFigure, so this unforced extra semantic change is exactly what fails.","elif isinstance(parent, FigureBase):\n            self.isaxes = False\n            self.set_figure(parent.figure)",True,True,False,,high,,0.005064,140
59,django__django-11820,<15 min fix,partial_fix,108,fix_design,E1,"hidden tests grade the maintainer's fix, not the issue",exam,"the agent correctly fixed and verified the reported pk-alias regression (that F2P test passes, zero regressions); the remaining failure test_ordering_pointing_multiple_times_to_model_fields grades the gold patch's extra '_cls = None' fix for traversal through non-relation fields, an adjacent bug the issue never mentioned, and the mismatch never surfaced during the run.",The fix is complete and verified.,True,True,False,,med,uphold_eval_side:spec_underdetermined,0.016006,305
60,django__django-15127,<15 min fix,wrong_or_no_fix,25,fix_design,M1,dismissed red evidence it had itself produced,agent,"step 25 deleted the public module-level LEVEL_TAGS constant outright even though step 12's grep had shown the test suite reads and monkeypatches base.LEVEL_TAGS; step 40 then explicitly bet 'the evaluation's test patch will update that', but the gold fix keeps the constant (updated via setting_changed) and the new TestLevelTags test reads it, so the removal fails grading.",The existing test helper references the removed constant; the evaluation's test patch will update that.,True,True,False,,med,,0.003756,111
61,pydata__xarray-6938,15 min - 1 hour,wrong_or_no_fix,47,fix_design,M3,"patched the symptom site, not the mechanism it had identified",agent,"step 47 patched the swap_dims call site (later refined to .copy(deep=False) at step 63) even though step 20's id() check had already proven the mechanism is IndexVariable.to_index_variable() returning self; the aliasing method itself, which the gold test test_to_index_variable_copy targets directly, was left returning an alias.",var = v.to_index_variable()._replace(dims=dims),True,True,False,,med,,0.013379,872
62,scikit-learn__scikit-learn-12973,15 min - 1 hour,wrong_or_no_fix,12,fix_design,M2,scoped out a visible sibling of the same bug,agent,"step 12 resolved the duplicated copy_X only for the lars_path call and left _preprocess_data hardcoded to self.copy_X, so an explicit fit(copy_X=...) still cannot override the constructor for preprocessing -- the exact mixed behavior the issue complained about, and the case the failing test test_lasso_lars_fit_copyX_behaviour[False] checks.","X, y, Xmean, ymean, Xstd = LinearModel._preprocess_data(\n            X, y, self.fit_intercept, self.normalize, self.copy_X)",True,True,False,step 22 dismissed its own disconfirming test output ('explicit fit copy_X=False modifies X: False') by asserting it 'matches the upstream fix' without any evidence,high,,0.002172,91
63,django__django-12663,15 min - 1 hour,budget_stop,227,fix_design,M7,abandoned a validated fix for an unvalidated redesign,agent,"step 227 fully reverted the near-correct 'Option A' (select[0].target, which fixed the repro and passed three suites) after a single AttributeError whose message ('has no attribute target') points straight at a getattr fallback -- the gold fix is exactly getattr(select, 'target', None) or select.field; the agent instead pivoted at step 233 to a global Field.get_prep_value Model->pk coercion and the budget died before it was ever tested.","print(""reverted Option A"")",True,False,False,step 233's sweeping Field.get_prep_value edit was submitted with zero test runs (max_spend stop immediately after) and broke 135 previously passing tests,high,,0.058372,1272
64,django__django-11239,<15 min fix,wrong_or_no_fix,34,fix_design,M4,committed to a fix design against an available signal,agent,"step 34 appended libpq 'sslmode=...'/'sslcert=...' tokens as extra positional psql arguments after dbname -- an interface psql does not have (extra positionals are dbname/username) -- instead of following the PGPASSWORD env-var pattern two lines below in the same function (the gold fix uses PGSSLMODE etc.); the step 39 mock repro only echoed the args list back, so the invented interface was never validated against real psql.",+        if sslmode:\n+            args += ['sslmode=%s' % sslmode],True,True,False,,high,,0.003794,86
65,django__django-16667,15 min - 1 hour,partial_fix,45,fix_design,E1,"hidden tests grade the maintainer's fix, not the issue",exam,"the agent reproduced the crash, added OverflowError to the existing except clause, and verified the form now fails validation cleanly (931 forms tests pass, the field-level F2P test passes); the one failing gold test asserts the widget must return the maintainer-chosen sentinel '0-0-0' for overflow rather than the pseudo-ISO string, a return value the issue never specified, and no step surfaced that expectation.","except (ValueError, OverflowError):",True,True,False,,med,uphold_eval_side:spec_underdetermined,0.001904,60
66,sphinx-doc__sphinx-9461,1-4 hours,budget_stop,260,fix_design,E1,"hidden tests grade the maintainer's fix, not the issue",exam,"steps 135-154 fixed the real mechanism (classmethod-wrapped property evaluated by getattr) and verified it against a live build at step 144 and the autodoc suites at steps 158/240, but the graded tests demand a new :classmethod: option on py:property and a 'class property' rendering the issue never stated, so all 3 F2P tests fail on the missing marker; the mismatch never became visible and the run hit max_spend at step 260 mid-refinement.",---OUTPUT---\nTest\n****\n\nclass example.BaseClass\n\n   property baseclass_abstract_class_property\n\n      Abstract class property.,True,False,False,"after the suites passed at step 158 the agent spent ~100 steps probing edge cases without ever finalizing; the budget died immediately after an unverified last edit to getdoc at step 259, which was submitted untested",med,uphold_eval_side:spec_underdetermined,0.051416,772
67,sympy__sympy-16597,1-4 hours,wrong_or_no_fix,112,fix_design,E1,"hidden tests grade the maintainer's fix, not the issue",exam,"step 97 encoded the issue's literal rule (even/odd -> finite) and verified the repro at step 100; at step 112 the existing test_infinity/test_neg_infinity failed under the patch and the agent submitted anyway, betting the graders' updated tests would flip those asserts - they did (oo.is_even is False), but the gold rewrite also demands rational/algebraic/irrational -> finite so oo.is_integer becomes False, a scope the issue ('I'm not sure what the right answer is here') never specified.","File \""/testbed/sympy/core/tests/test_assumptions.py\"", line 114, in test_infinity\n    assert oo.is_even is None\nAssertionError",True,True,False,"at steps 165-166 the agent experimentally confirmed 'integer -> finite' worked (the direction the gold fix took) but reverted it in favor of the minimal rule, even though its patch already required test updates either way",med,uphold_eval_side:spec_underdetermined,0.029608,593
68,sphinx-doc__sphinx-8548,1-4 hours,regression_only,129,implementation,M6,implementation slip inverted its own stated plan,agent,"step 129's importer edit adds a base-class attr_docs entry whenever the name is not yet in members; because analyzer entries iterate base-class-first, a derived class that redefines an attribute (Bar.attr2 over Foo.attr2) gets the base entry recorded with class_=Foo and Foo's docstring, so the derived attribute is treated as inherited/misdocumented and P2P test_instance_variable breaks; the edge cases tested at steps 189-233 never included a derived override.",+            elif name not in members:\n+                # check base classes for inherited attributes\n+                for cls in getmro(subject):,True,True,False,,high,,0.041933,560
69,sphinx-doc__sphinx-9281,<15 min fix,wrong_or_no_fix,31,fix_design,M4,committed to a fix design against an available signal,agent,"step 31 rendered enum defaults via object.__class__.__qualname__; for an enum defined inside a function (the hidden test's case) that yields 'test_object_description_enum.<locals>.MyEnum.FOO' instead of 'MyEnum.FOO' - the well-known <locals> qualname gotcha was never checked (step 42 tested nested classes but not function-local ones), and it reintroduces exactly the ugliness the issue complains about.","+    if isinstance(object, enum.Enum):\n+        return '%s.%s' % (object.__class__.__qualname__, object.name)",True,True,False,,med,,0.004448,83
70,django__django-12308,<15 min fix,wrong_or_no_fix,55,fix_design,M4,committed to a fix design against an available signal,agent,"step 55 routes JSONField display through formfield().prepare_value() (the issue's own suggestion), but that json.dumps path raises TypeError for non-JSON-serializable values like the hidden test's tuple-key dict, crashing a readonly display path where the gold fix falls back to repr; step 60's edge-case sweep covered InvalidJSONInput, custom encoders and None but never an unserializable value.","+    elif isinstance(field, models.JSONField):\n+        return field.formfield().prepare_value(value)",True,True,False,"the second F2P test (test_label_for_field) also fails, which the visible two-line diff does not explain",med,,0.008269,146
71,sphinx-doc__sphinx-10614,15 min - 1 hour,wrong_or_no_fix,128,fix_design,E1,"hidden tests grade the maintainer's fix, not the issue",exam,"the fix makes subdirectory SVG links resolve correctly and was verified end-to-end with real builds across five configurations (steps 82-124) plus the pre-gold svg test (step 88, 11 passed); the graded replacement test adds an intersphinx external-reference scenario the issue never mentioned, and the gold patch's key change (keying URLs by the external target name and leaving refuri untransformed) is what that scenario requires - the mismatch was never visible to the agent, so first_bad_step is the last step.","=== Final SVG link ===\nhref=\""../my_package/my_class_1.html#my_package.MyClass1\""",True,True,False,"step 77's posixpath.join of dirname(current_filename) with refuri would mangle an absolute (external) refuri, though such links were equally broken before the patch",med,uphold_eval_side:spec_underdetermined,0.017032,285
72,django__django-15957,1-4 hours,budget_stop,131,fix_design,M4,committed to a fix design against an available signal,agent,"step 131 designed _prefetch_queryset_with_limits to clear the slice, filter, then re-apply the same low/high marks to the combined prefetch query, making the slice a global LIMIT across all parent objects when the issue asks for N examples per parent; step 154 even printed the SQL (book_id IN (1, 2) ... LIMIT 2) and both books sharing one author without questioning the semantics.","queryset.query.clear_limits()
    queryset = func(queryset)
    queryset.query.set_limits(low_mark, high_mark)",True,True,False,,high,,0.049449,900
73,sympy__sympy-13091,15 min - 1 hour,partial_fix,115,fix_design,M1,dismissed red evidence it had itself produced,agent,"step 107's own verify script printed 'Integer(1) == f1: False' (the identical asymmetry in Number.__eq__), steps 109-112 located the same 'return False # sympy != other' in numbers.py, then step 115 rationalized Basic-only coverage as 'the likely test scenario' instead of extending the fix to the Number subclasses (which the failing F2P test exercises).",Let me verify the fix works with `Basic()` directly (the likely test scenario):,True,True,False,,high,,0.016474,311
74,django__django-12325,1-4 hours,wrong_or_no_fix,102,fix_design,E1,"hidden tests grade the maintainer's fix, not the issue",exam,"the agent fixed the reported order-dependence by letting parent_link=True fields win the parent_links slot and deliberately preserved the repo's existing ImproperlyConfigured behavior (verified at step 52 as 'Case 3 OK'); the grading tests delete that in-repo test (test_missing_parent_link) and demand the opposite behavior (no error, auto-created parent link), a contradiction no signal in the run ever surfaced, so first_bad_step is the last step.",Case 3 OK: single non-parent-link still raises correctly,True,True,False,,high,uphold_eval_side:spec_underdetermined,0.011736,262
75,astropy__astropy-13033,15 min - 1 hour,wrong_or_no_fix,149,implementation,M6,implementation slip inverted its own stated plan,agent,"step 149 replaced the validated guard (missing and colnames[0]==required[0], shown at step 120 to fix the extra-columns case) with the narrower len(colnames) < len(required) check; step 160 then reprinted the original misleading X-but-found-X message for exactly the reported scenario and the agent still submitted after re-running only the fewer-columns repro.",ValueError BinnedTimeSeries object is invalid - expected 'time_bin_start' as the first columns but found 'time_bin_start',True,True,False,"independent grading gap: the F2P test asserts the gold message verbatim (""expected ['time', 'a'] as the first columns but found ['time', 'b']""), wording the issue never specified, so even the pre-regression variant's 'missing required column' message would have failed",high,,0.023977,496
76,sympy__sympy-20438,15 min - 1 hour,wrong_or_no_fix,167,fix_design,M7,abandoned a validated fix for an unvalidated redesign,agent,"step 158 showed the reported simplify() crash still reproducing for undecidable set equality (Eq(ProductSet, FiniteSet) with symbols); after the step 161 hasattr guard exposed the next non-Expr crash (as_coeff_add, step 166), step 167 reverted the relational.py change entirely instead of guarding _eval_simplify for non-Expr sides, shipping with the crash path intact, which test_issue_19378's Eq({1}, {x}).simplify() hits.",ERR AttributeError 'Complement' object has no attribute 'as_coeff_add',True,True,False,,high,,0.038619,635
77,sympy__sympy-13798,15 min - 1 hour,wrong_or_no_fix,25,fix_design,M4,committed to a fix design against an available signal,agent,"step 25 made mul_symbol_latex_numbers fall back to the raw custom symbol even though the line being edited ('mul_symbol or dot') shows number-number separation deliberately always gets a visible \cdot; step 34 then printed '1.5\\,10^{20}\\,x' (thin space between numerals) alongside the default '1.5 \\cdot 10^{20} x' without questioning it, and the F2P test pins \cdot for the numbers case.","'1.5\\,10^{20}\\,x'",True,True,False,,med,,0.004696,116
78,matplotlib__matplotlib-26208,<15 min fix,wrong_or_no_fix,176,fix_design,M7,abandoned a validated fix for an unvalidated redesign,agent,"step 153 demonstrated that copying units onto the twin axis fixes the bug, but step 176 discarded that validated one-line fix and instead rewrote add_collection/relim to support Collections, changing behavior the code comments mark as deliberately unsupported; the graded test_twin_units checks exactly the units-inheritance the agent had proven and dropped",ax2.xaxis.units = ax1.xaxis.units,True,True,False,"graded test asserts ax2.xaxis.units is ax1.xaxis.units, an implementation choice stronger than the issue's stated symptom; even a correct symptom fix without units inheritance fails it",med,,0.042694,841
79,sympy__sympy-18763,<15 min fix,wrong_or_no_fix,65,fix_design,E1,"hidden tests grade the maintainer's fix, not the issue",exam,"step 29's conditional parenthesize reproduced the issue's exact requested output (step 33) and kept the then-checked-in test_latex_subs expectation that x*y prints without parens, but the gold test rewrote that expectation to demand parentheses around every Subs expr; the mismatch was never visible to the agent, so first_bad_step is the final step",r'\left. x y \right|_{\substack{ x=1\\ y=2 }}',True,True,False,,high,uphold_eval_side:spec_underdetermined,0.00481,117
80,matplotlib__matplotlib-23299,15 min - 1 hour,wrong_or_no_fix,102,fix_design,E1,"hidden tests grade the maintainer's fix, not the issue",exam,"the sentinel-only skip (steps 66/75) fixed the reported Gcf-clearing bug, and step 82's edge case 4 deliberately preserved the pre-existing behavior of restoring an explicitly-set backend on context exit, but the graded test_no_backend_reset_rccontext requires that the backend key never be restored at all, a broader semantics change the issue never stated; the mismatch never surfaced, so first_bad_step is the final step",Case 4 (explicit switch inside context restored): OK,True,True,False,,med,uphold_eval_side:spec_underdetermined,0.009161,211
81,sympy__sympy-14976,15 min - 1 hour,wrong_or_no_fix,117,implementation,E1,"hidden tests grade the maintainer's fix, not the issue",exam,"the agent's _print_Rational emitting mpf(232)/3 (step 63/64) is numerically equivalent at all precisions to the gold's mpf(232)/mpf(3), and the agent verified full-precision nsolve results (steps 67, 115), but the graded test_MpmathPrinter asserts the exact string 'mpmath.mpf(1)/mpmath.mpf(2)'; the string mismatch was never observable, so first_bad_step is the final step",'mpf(232)/3',True,True,False,,high,uphold_eval_side:spec_underdetermined,0.011646,205
82,django__django-13212,1-4 hours,partial_fix,209,fix_design,E1,"hidden tests grade the maintainer's fix, not the issue",exam,"the patch added params={'value': value} to every raise in django/core/validators.py (steps 63-84, 175) and passed all visible suites plus manual placeholder repros, which is what the issue text asked for, but 2 of 5 hidden tests exercise DecimalField/FileField form-field error paths in django/forms/fields.py that the gold PR also restructured; that wider scope was never stated and never surfaced, so first_bad_step is the final step",Updated all core validators that previously raised `ValidationError` without params,True,True,False,,med,uphold_eval_side:spec_underdetermined,0.031289,1196
83,pytest-dev__pytest-7324,15 min - 1 hour,wrong_or_no_fix,83,fix_design,M1,dismissed red evidence it had itself produced,agent,"step 18 read test_valid_idents listing True/False/if/else/while as valid identifiers and step 20 saw if/else/while passing on the base, yet step 83 chose to reject all Python keywords with ParseError, converting passing tests into failures (3 P2P regressions at step 92) and then explaining the red tests away as expected upstream test updates instead of reconsidering",these are the test cases the upstream PR's test patch updates (moving keywords to invalid). The source fix is correct.,True,False,False,,high,,0.02988,620
84,sphinx-doc__sphinx-9602,15 min - 1 hour,wrong_or_no_fix,181,fix_design,E1,"hidden tests grade the maintainer's fix, not the issue",exam,"step 111/123 fixed the nitpick bug by rendering Literal values as desc_sig_keyword/desc_sig_literal_* nodes, and steps 113-160 verified repro plus 186 tests green; the graded test (added by the gold patch, absent from the repo) demands the literal values as plain Text nodes via repr(), a node-structure detail the issue never stated, so the mismatch never became visible before the final step.",=== Literal[True]\npending_xref 'Literal'\ndesc_sig_punctuation '['\ndesc_sig_keyword 'True',True,True,False,,high,uphold_eval_side:spec_underdetermined,0.027483,474
85,sphinx-doc__sphinx-11510,1-4 hours,budget_stop,213,fix_design,M1,dismissed red evidence it had itself produced,agent,step 213 applied the temp-file re-include design to the real source even though its own prototypes had already shown the design defeats docutils' circular-include guard (step 186: include_log fills with unique temp names; step 205: circular docs re-read in a loop with no circular warning); the run then burned its remaining budget triaging the latin-1 :encoding: regression the same design caused (steps 233-245) and was killed by max_spend without a final answer.,"DEBUG after super().run(): include_log = [('a.rst', (None, None, None, None)), ('.sphinx-include-3m5nem34.rst', (None, None, None, None))]",True,True,False,"budget burn: offline pip download attempts (steps 37, 79) and ~90 steps of repo archaeology before any fix design shortened the runway that the endgame regression triage then exhausted",med,,0.054527,910
86,pydata__xarray-7229,15 min - 1 hour,wrong_or_no_fix,142,fix_design,M4,committed to a fix design against an available signal,agent,"step 142's _keep_attrs indexes the merged-attrs list with x_idx computed once from whether cond has attrs, assuming every merge_attrs call receives one entry per xarray argument in (cond, x, y) order; the list actually contains only the objects participating in that particular merge (e.g. only the Datasets, or only owners of a coord), and the edge tests at 144-151 used identical or non-discriminating x/y so the wrong-index case was never exercised.","x_idx = 1 if hasattr(cond, ""attrs"") else 0",True,True,False,,med,,0.039487,1140
87,django__django-13794,<15 min fix,partial_fix,63,fix_design,M3,"patched the symptom site, not the mechanism it had identified",agent,"steps 45-46 had already shown plain 'foo' + lazy_str raises TypeError at the __proxy__ level (independent of the template filter), yet steps 63-65 patched only the add filter to cast Promises before concatenating, leaving the lazy proxy class itself without __add__/__radd__; the graded utils_tests test_lazy_add exercises the proxy directly and still fails.","<class 'TypeError'> must be str, not __proxy__",True,True,False,,med,,0.014072,448
88,django__django-13406,<15 min fix,budget_stop,147,fix_design,M4,committed to a fix design against an available signal,agent,"step 147 (and 153-157) committed to persisting QuerySet presentation state (_iterable_class, _fields) onto the Query object so a pickled values_list round-trips with its original tuple/flat/named iterables, instead of the minimal values_select-based restore; the graded tests prescribe that pickled values_list queries reload as values() dicts, so two hidden tests fail while the issue's own values()+annotate scenario passes (1/3 F2P).","original: <QuerySet [('foo',)]> <class 'tuple'>\nrecreated: <QuerySet [('foo',)]> <class 'tuple'>",True,False,False,"budget management: after all suites were green at step 230 the agent spent ~70 more steps probing edge cases and flip-flopping the query.setter (283 vs 299), and the run died on max_spend right after the step-299 edit with no re-run and no final answer",med,overturn_to_agent,0.048678,923
89,sympy__sympy-13852,1-4 hours,wrong_or_no_fix,141,fix_design,E1,"hidden tests grade the maintainer's fix, not the issue",exam,"by step 141 the agent had implemented and verified both behaviors the issue states (polylog(2,1/2) closed form at step 71, exp_polar removal at step 19, checks passing at step 104); the grading test test_polylog_values additionally demands polylog(2,2) and golden-ratio special values the issue never mentions, and that mismatch was never visible in the run.",direct: -log(2)**2/2 + pi**2/12\nexpand: -log(2)**2/2 + pi**2/12,True,True,False,,high,uphold_eval_side:spec_underdetermined,0.02091,335
90,sympy__sympy-21596,15 min - 1 hour,wrong_or_no_fix,178,fix_design,E1,"hidden tests grade the maintainer's fix, not the issue",exam,"by step 178 every behavior stated in the PR was verified passing (step 171: 2 not in S1.intersect(Reals), intersect == {-1,1}); the updated F2P test also asserts gold's ConditionSet-shaped output for an expanded-quadratic imaginary part, an input form and structural result the issue never specified, and the agent's solveset_real-based fix returns the (mathematically stronger) solved FiniteSet instead.","2 in S1.intersect(Reals): False\nS1.intersect(S2): FiniteSet(-1, 1)",True,True,False,,med,uphold_eval_side:spec_underdetermined,0.023622,427
91,astropy__astropy-14369,1-4 hours,partial_fix,85,fix_design,E1,"hidden tests grade the maintainer's fix, not the issue",exam,"the run reproduced the bug (step 11), fixed division associativity, regenerated the parsetab (step 48), and verified the issue's exact table output (step 84); the one remaining F2P failure, test_cds_grammar_fail[km/s.Mpc-1], demands product-after-slash strings raise a syntax error, a strictness rule the issue never states and that the pre-existing grammar (kg/m.s2, step 22) also accepted, so the mismatch was never visible.",'J/m/s2.kpc2'          -> J / (kpc2 m s2),True,True,False,,med,uphold_eval_side:spec_underdetermined,0.012734,157
92,matplotlib__matplotlib-23476,<15 min fix,wrong_or_no_fix,61,fix_design,M3,"patched the symptom site, not the mechanism it had identified",agent,"step 61 patched FigureCanvasBase.__init__ to preserve _original_dpi across canvas re-creation, which stops the compounding but leaves the ratio-scaled dpi baked into the pickled state; its own step 64 output shows the inconsistent result (dpi 200, original_dpi 100, ratio 1 after unpickle) that the F2P test rejects (expects unpickled dpi back at the logical 42, not 42*7).",0 after unpickle fig.dpi 200 original_dpi 100 ratio 1,True,True,False,,med,,0.011291,218
93,sphinx-doc__sphinx-10435,<15 min fix,wrong_or_no_fix,46,implementation,M5,verified against evidence that never exercised the bug,agent,"step 46 appended the trailing comment as '%}}' (percent at the start of the closing line) instead of the issue's explicitly quoted target 'pass%\n}}', so the newline after the code stays uncommented and the closing braces get commented out; step 51 then misread the output as correct and step 81 validated against the agent's own wrong format rather than the spec in the problem statement.",self.body.append('%}}'),True,False,False,,high,,0.00908,194
94,django__django-11141,15 min - 1 hour,regression_only,66,verification,M1,dismissed red evidence it had itself produced,agent,"step 66 dismissed the failing test_load_empty_dir as a stale test that the hidden patch would update, although the test name and the known directory contents (steps 11-12: the namespace dir holds no migration files) signaled a real regression: the bare removal of the __file__ check makes empty migration-less dirs count as migrated, which gold avoided by adding the migration_names check.",The old test expects the previous behavior; the hidden updated tests will reflect the new behavior.,True,True,False,,high,,0.008247,207
95,pytest-dev__pytest-10356,1-4 hours,wrong_or_no_fix,74,fix_design,M4,committed to a fix design against an available signal,agent,"step 74 merged class marks using reversed(obj.__mro__) (base-first order) although the issue's own metaclass repro concatenates pytestmark in plain __mro__ order (subclass-first), the one ordering spec available; all later verification (steps 97-98, 138) checked only set membership, never order, so the order-sensitive F2P assert [c, a, b] fails against the agent's [b, a, c].","x.__dict__.get(""pytestmark"", []) for x in reversed(obj.__mro__)",True,True,False,,med,,0.018555,463
96,sympy__sympy-18199,1-4 hours,wrong_or_no_fix,78,fix_design,E1,"hidden tests grade the maintainer's fix, not the issue",exam,"by step 78 the agent had fixed exactly what the issue reports (zero root when a % p == 0 for prime p) and brute-force verified all primes < 100 with zero failures (step 65); the F2P test test_solve_modular requires composite-modulus nthroot_mod support that only the gold patch's extra _nthroot_mod_composite provides and the issue never requested, and no step surfaced that requirement.",total bad: 0,True,True,False,,high,uphold_eval_side:spec_underdetermined,0.007123,155
97,sphinx-doc__sphinx-9258,<15 min fix,wrong_or_no_fix,127,verification,M5,verified against evidence that never exercised the bug,agent,"step 122's repro output plainly showed the split targets carrying whitespace (reftarget=""bytes "" and "" str"") because the added delimiter was \| with no \s* around it, but step 127 declared 'The fix works' and moved on to regression runs without ever reading the reftargets, so the gold test's clean 'int'/'str' xrefs and ' | ' separator never match.","reftarget=\""bytes \"" reftype=\""class\""",True,True,False,,high,,0.016645,266
98,django__django-11400,1-4 hours,partial_fix,123,fix_design,M3,"patched the symptom site, not the mechanism it had identified",agent,"step 88 had already proven the mechanism (order_by() with no args clears Meta.ordering inside get_choices, whose code it read at steps 9 and 100), but step 123 instead bolted a Meta-ordering fallback onto the two admin-filter call sites, leaving Field.get_choices/ForeignObjectRel.get_choices still destroying default ordering, which is exactly what the two failing GetChoicesOrderingTests exercise.",if not ordering:\n            ordering = field.remote_field.model._meta.ordering,True,True,False,,med,,0.02084,448
99,sympy__sympy-20916,<15 min fix,wrong_or_no_fix,176,fix_design,E1,"hidden tests grade the maintainer's fix, not the issue",exam,"step 135's regex change fixes exactly what the issue reports and step 163 verified all 24 Greek letters render subscripts; the grading test_super_sub additionally asserts unicode-digit subscripts like w\U0001d7d9 that the issue never mentions and that even the broader [^\W\d_]+ variant the agent trialed at step 113 (still with [0-9] digits) would fail; the mismatch never became visible, so it is anchored at the final step.",_name_with_digits_p = re.compile(r'^([a-zA-Z]+|[\u03b1-\u03c9\u0391-\u03a9]+)([0-9]+)$'),True,True,False,at step 113 the agent had the general [^\W\d_]+ letter class working and chose the narrower Greek-only range; that choice cost nothing for the graded Greek asserts but is the kind of minimalism that loses when graders generalize,high,uphold_eval_side:spec_underdetermined,0.016904,333
100,django__django-11848,15 min - 1 hour,wrong_or_no_fix,60,implementation,E1,"hidden tests grade the maintainer's fix, not the issue",exam,"step 17's fix implements the RFC 7231 50-year rule with logic equivalent to the gold patch (agent verified it against mocked years 2026 and 1969 at step 50) but reads the current year via datetime.datetime.now(); the grading tests mock django.utils.http.datetime.datetime and stub only utcnow, so the now()-based path returns MagicMocks and both F2P tests fail; nothing in the run made this coupling visible, so it is anchored at the final step.",current_year = datetime.datetime.now().year,True,True,False,"using local-time now() for a GMT date rule is minor imprecision (utcnow is the domain-correct call and what the gold patch uses), but the semantic difference is hours around New Year, not the cause of a whole-year test failure",med,uphold_eval_side:spec_underdetermined,0.003411,122
101,django__django-13513,15 min - 1 hour,wrong_or_no_fix,8,task_understanding,E1,"hidden tests grade the maintainer's fix, not the issue",exam,"step 8's git log revealed the issue's exact fix (f36862b69c, __suppress_context__ respected) already merged in the checkout, steps 43-46 proved reverting it reproduces the reported bug and restoring it fixes it, and steps 67-102 verified the PR scenario renders correctly, so the agent submitted no change; the gold patch is a get_traceback_frames refactor fixing an innermost-exception-without-traceback case the problem statement never describes.",f36862b69c Fixed #31674 -- Made technical 500 debug page respect __suppress_context__.,True,True,False,,high,uphold_eval_side:spec_underdetermined,0.016777,415
102,django__django-14034,15 min - 1 hour,wrong_or_no_fix,61,fix_design,E1,"hidden tests grade the maintainer's fix, not the issue",exam,"the issue asks for is_valid() to become False and step 49 changed MultiValueField.clean() accordingly; step 61 then showed existing test_multivalue_optional_subfields enshrining the old validation behavior, and the gold fix indeed leaves clean() untouched, instead adding per-subwidget required-attribute rendering in boundfield.py that no reading of the issue text predicts, so the graded HTML assertions were unreachable.",The existing test at line 3094 asserts the old buggy behavior (expected to be updated by the hidden test patch).,True,False,False,"step 62 rationalized the broken existing test as 'expected to be updated by the hidden test patch' instead of treating it as evidence the behavior was intentional, and the run cut off at step 76 mid-sentence with the clean(None) TypeError found at step 75 still unfixed in the submitted patch",med,uphold_eval_side:spec_underdetermined,0.010555,262
103,django__django-14376,<15 min fix,wrong_or_no_fix,62,fix_design,M2,scoped out a visible sibling of the same bug,agent,"steps 6-8 had client.py's db = OPTIONS.get('db', NAME) on screen right next to the password-over-passwd dual fallback, and step 17's grep surfaced tests/dbshell/test_mysql.py using those OPTIONS keys, yet the step 62 summary explicitly declares client.py out of scope, so the three dbshell tests exercising OPTIONS['database']/['password'] fail while the base.py half exactly matches gold.",I left `client.py` (`dbshell` support) unchanged: it already prefers `password` over `passwd` and uses `db` only as the positional database argument,True,True,False,,med,,0.003186,101
104,sympy__sympy-14248,1-4 hours,budget_stop,177,budget_management,M1,dismissed red evidence it had itself produced,agent,"step 161 showed its patch failing existing test_matAdd (expects '-2 B + C', its printer emits '- 2 B + C') and test_MatrixElement_printing; instead of reconciling that isolated spacing/format mismatch, from step 177 the agent re-tried a curl to github it knew was unreachable since step 60, then spent steps 181-198 on git/setup-script archaeology, and the run hit max_spend at step 306 with the same tests still failing and 2 P2P regressions in the submitted state.",timeout 10 curl -s https://raw.githubusercontent.com/sympy/sympy/sympy-1.12/sympy/printing/str.py 2>&1 | head -5,True,False,False,"independent regressions: step 138 widened core _coeff_isneg to MatMul for a printing bug, and step 270 rewrote str _print_MatMul parenthesization, breaking HadamardProduct printing (P2P test_haramard)",med,,0.064503,1068
105,astropy__astropy-14365,15 min - 1 hour,wrong_or_no_fix,16,fix_design,M2,scoped out a visible sibling of the same bug,agent,"step 16 scoped the fix to the command regex only ((?i:READ [TS]ERR)) although the issue stated 'QDP itself is not case sensitive' and step 5 had shown the same line-type regex also matches uppercase-only NO tokens for masked data and table separators, which the grading test also lowercases","The issue is in `_line_type`, where `_command_re` only matches uppercase `READ [TS]ERR`. QDP commands are case-insensitive, so I'll make the command regex case-insensitive with a scoped inline flag",True,True,False,,med,,0.004238,68
106,django__django-11433,<15 min fix,wrong_or_no_fix,44,implementation,M6,implementation slip inverted its own stated plan,agent,"step 44 wrote `cleaned_data.get(f.name) in (f.empty_values, f.get_default())`, a membership test against a 2-tuple that is never true for empty values (gold: `in ...empty_values`), so empty cleaned values stopped falling back to model defaults, breaking 4 existing default-population tests","cleaned_data.get(f.name) in (f.empty_values, f.get_default())):",True,True,False,"independent verification failure: steps 50-52 showed 3 default-population tests failing ('' != 'di') and steps 104-105 printed False for '' in (empty_values, 'di'), directly disconfirming the condition, yet step 122 declared the semantics 'confirmed' and step 177 rationalized the failures as tests the upstream PR intentionally updated",high,,0.033788,743
107,sphinx-doc__sphinx-8056,15 min - 1 hour,wrong_or_no_fix,173,fix_design,E1,"hidden tests grade the maintainer's fix, not the issue",exam,"step 99 fixed the misparse in the generic DocFieldTransformer (skip ':param type name:' sugar when the first token ends with a comma), which step 104 showed produces exactly the issue's expected rendering 'x1, x2 (array_like, optional)' and passed every visible suite, but the hidden test instead requires napoleon to split combined names into separate :param x1:/:param x2: entries, an implementation choice the issue never stated; the mismatch never became visible before submission at step 173","<strong>x1</strong><strong>, </strong><strong>x2</strong> (<code class=""xref py py-class docutils literal notranslate""><span class=""pre"">array_like</span></code>, <em>optional</em>)",True,True,False,,med,uphold_eval_side:spec_underdetermined,0.023476,411
