model,told_customer_pct,never_told_pct,note,source
Gemini 3.1 Pro,77.0,23.0,,Table 6 / Section 5.5
Gemini 3.5 Flash,66.2,33.8,,Table 6 / Section 5.5
Gemini 3.7 Flash,69.2,30.8,,Table 6 / Section 5.5

# base rate this table conditions on: across airline, retail, and telecom tasks
# pooled, the reasoning had already spotted the problem in 92.1% of records on
# average; this table counts only within that subset, for the three Gemini
# models covered by the judge model's reading of reasoning versus reply.
# Table 6, Section 5.5.
