model,condition,relative_drop_pct,note,source
Gemini 3.1 Pro,no warning,-25.9,,Table 3 (tau2-bench row)
Gemini 3.1 Pro,general warning in system prompt,-15.0,,Table 3 (tau2-bench row)
Gemini 3.1 Pro,wrong sentence named in advance,-0.6,ceiling case; real users do not name their own bad sentence,Table 3 (tau2-bench row)
Gemini 3.5 Flash,no warning,-37.2,,Table 3 (tau2-bench row)
Gemini 3.5 Flash,general warning in system prompt,-20.1,,Table 3 (tau2-bench row)
Gemini 3.5 Flash,wrong sentence named in advance,-1.8,ceiling case; real users do not name their own bad sentence,Table 3 (tau2-bench row)
Gemini 3.7 Flash,no warning,-26.5,,Table 3 (tau2-bench row)
Gemini 3.7 Flash,general warning in system prompt,-7.3,,Table 3 (tau2-bench row)
Gemini 3.7 Flash,wrong sentence named in advance,-6.5,ceiling case; real users do not name their own bad sentence,Table 3 (tau2-bench row)
